{
  "BANORTE": {
    "CLABE TRADICIONAL": 0.36852330186072824,
    "EXCEPCIONES CUENTA": 0.3163866463015492,
    "CUENTA TRADICIONAL": 0.20865284268796225,
    "CUENTA EN LINEA": 0.0886214442013129,
    "CLABE EN LINEA": 0.017596934402258863,
    "TRADICIONAL REINTENTO": 0.0
  },
  "SANTANDER": {
    "CLABE TRADICIONAL": 0.2931903932665796,
    "EXCEPCIONES CUENTA": 0.0807028649804813,
    "CUENTA": 0.05804623888107455
  },
  "BBVA": {
    "CLABE TRADICIONAL": 0.24175838944213737,
    "CUENTA PARCIAL": 0.2177348551360843,
    "CLABE INTERBANCARIA": 0.15627953376036963,
    "CUENTA TRADICIONAL": 0.136378502125804,
    "CLABE PARCIAL": 0.05381991895521147,
    "CUENTA MATUTINO": 0.049496476763757735,
    "CLABE MATUTINO": 0.032545744502266244,
    "CLABE EN LINEA": 0.024273336986284897,
    "CUENTA EN LINEA": 0.02364230828248014,
    "TRADICIONAL REINTENTO": 0.0057888468157725045
  },
  "BANCOMER": {
    "PARCIAL CUENTA EXCEPCIONES": 0.2400559664201479,
    "TRADICIONAL": 0.1704457614017006,
    "REINTENTOS": 0.023678071539657855
  },
  "BANAMEX": {
    "EXCEPCIONES TARJETA": 0.056910569105691054,
    "EXCEPCIONES CUENTA": 0.028872958980485863,
    "CUENTA": 0.02718294403511522,
    "CLABE TRADICIONAL": 0.024205478363459647,
    "TRADICIONAL REINTENTO": 0.017602524819273,
    "REINTENTOS": 0.005860643456543122
  }
}